issuer,Idate,Fdate,ISIN,ticker,SIC,LCS Key,LCS,LCS Value,Full Name,Name,Symbol,Start Date,DATASTREAM CODE,LOC OFF. CODE,ISIN CODE
UNEEC,2002/8/19,2002/8/19,TWU00R120008,3013,3089,UNEEC,uneec,Chunghwa Telecom,Chunghwa Telecom,CHUNGHWA TELECOM,TW:CHG,2000/10/30,269528,T2412,TW0002412004
Sintek Photronic Corp,2002/9/2,2002/9/2,TWU00R018004,3049,3671,Sintek Photronic Corp,sinephotonic,Ushine Photonics,Ushine Photonics,USHINE PHOTONICS,TW:UPS,2009/10/22,69297F,T3678,TW0003678009
SPI Electronic Co Ltd,2002/9/17,2002/9/17,TWU00R131005,3015,3679,SPI Electronic Co Ltd,spi,Taiwan Prosperity Chemical,Taiwan Prosperity Chemical,TAIWAN PROSPERITY CHM.,TW:TNP,2007/10/2,41227U,T4725,TW0004725007
U-Tech Media Corp,2002/9/28,2002/9/28,TWU00R129009,3050,3652,U-Tech Media Corp,u-techmed,U-Technology Media,U-Technology Media,U-TECH MEDIA,TW:UTI,2002/10/29,26437J,T3050,TW0003050001
ITE Technology Inc,2002/9/29,2002/9/29,,3014,3672,ITE Technology Inc,ite,Taiwan Name Plate,Taiwan Name Plate,TAIWAN NAME PLATE,TW:TPL,2016/9/29,2605HU,T6593,TW0006593007
Carry Computer Eng Co Ltd,2002/10/21,2002/10/21,TWU00R170003,3054,3679,Carry Computer Eng Co Ltd,arcomputer,Sunfar Computer,Sunfar Computer,SUNFAR COMPUTER,TW:SCC,2002/2/18,15206H,T6154,TW0006154008
Leader Electronics Inc,2002/11/12,2002/11/12,TWU00R068009,3058,3612,Leader Electronics Inc,leaders,Leadtek Research,Leadtek Research,LEADTEK RESEARCH,TW:LRI,1999/6/3,691556,T2465,TW0002465002
Precision Silicon Corp,2002/11/23,2002/11/23,TWU00R154007,3016,3674,Precision Silicon Corp,presionlco,Professional Computer Technology,Professional Computer Technology,PROFESSIONAL CMP.TECH.,TW:PCH,2003/9/17,27593H,T6270,TW0006270002
Altek Corp,2002/11/25,2002/11/25,TWU00R179004,3059,3861,Altek Corp,altek,Taiwan Line Tek Electronic,Taiwan Line Tek Electronic,TAIWAN LINE TEK ELT.,TW:TLE,1996/1/4,887813,T2462,TW0002462009
Intl Semiconductor Tech Ltd,2003/8/11,2003/8/11,,3063,3679,Intl Semiconductor Tech Ltd,insemiconduct,Win Semiconductors,Win Semiconductors,WIN SEMICONDUCTORS,TW:WSN,2009/10/6,68798F,T3105,TW0003105003
Taiwan Salt Co,2003/9/23,2003/9/23,,1737,2899,Taiwan Salt Co,taiwanalco,Taiwan Allied Container Terminal,Taiwan Allied Container Terminal,TAIWAN ALLIED CTNR.TERM.,TW:TCT,1996/1/4,887846,T5601,TW0005601009
Aten International Co Ltd,2003/9/29,2003/9/29,TW0006277007,6277,3674,Aten International Co Ltd,aten,Taiwan Steel Union,Taiwan Steel Union,TAIWAN STEEL UNION,TW:TSU,2016/9/9,2566EC,T6581,TW0006581002
Boser Technology Co Ltd,2003/10/19,2003/10/19,TW0003069001,3069,3674,Boser Technology Co Ltd,boser,Tyson Bioresearch,Tyson Bioresearch,TYSON BIORESEARCH,TW:TYB,2008/6/11,53812R,T4134,TW0004134002
Axis Corp,2003/10/27,2003/10/27,TW0006292006,6292,3612,Axis Corp,axis,Thevax Genetics Vaccine,Thevax Genetics Vaccine,THEVAX GENETICS VACCINE,TW:VAX,2016/1/22,8852HK,T6567,TW0006567001
AV Tech Corp,2003/10/28,2003/10/28,TW0008072000,8072,3674,AV Tech Corp,avtech,Advantech,Advantech,ADVANTECH,TW:ADV,1999/12/13,280084,T2395,TW0002395001
Sinotronix Technology Corp,2003/11/26,2003/11/26,,8016,3674,Sinotronix Technology Corp,sinotroni,Silicon Optronics,Silicon Optronics,SILICON OPTRONICS,TW:SOX,2007/4/18,50973E,T3530,TW0003530002
Depo Auto Parts Ind Co Ltd,2004/2/15,2004/2/15,TW0006605009,6605,3647,Depo Auto Parts Ind Co Ltd,depoautoparti,Depo Auto Participations Industry,Depo Auto Participations Industry,DEPO AUTO PARTS IND.,TW:DEP,2004/3/17,28624L,T6605,TW0006605009
St Shine Optical,2004/3/1,2004/3/1,TW0001565000,1565,3851,St Shine Optical,stshineoptic,Saint Shine Optical,Saint Shine Optical,ST SHINE OPTICAL,TW:SSL,2004/3/30,28747J,T1565,TW0001565000
Gish International Co Ltd,2004/3/23,2004/3/23,TW0008067000,8067,3674,Gish International Co Ltd,gish,English Electric,English Electric,ENG ELECTRIC,TW:ENG,2005/1/3,29917W,T8287,TW0008287004
Astro Corp,2004/5/10,2004/5/10,TW0003064002,3064,3559,Astro Corp,astro,Taiwan Styrene Monomer,Taiwan Styrene Monomer,TW.STYRENE MONOMER,TW:STY,1989/7/3,777141,T1310,TW0001310001
Kisus Interconnect Tech Corp,2004/10/5,2004/10/5,TW0003189007,3189,3674,Kisus Interconnect Tech Corp,kisusinterconn,Kinsus Interconnect Technology,Kinsus Interconnect Technology,KINSUS INTCONN.TECH.,TW:KTT,2004/11/1,29548V,T3189,TW0003189007
South Epitaxy Co Ltd,2004/10/27,2004/10/27,,3214,3674,South Epitaxy Co Ltd,utepitaxy,United Epitaxy,United Epitaxy,UTD EPITAXY,TW:UNE,1998/11/23,675798,T2422,TW0002422003
Kinik Co,2005/1/3,2005/1/3,TW0001560001,1560,3545,Kinik Co,kinico,Kino Biotechnology,Kino Biotechnology,KINO BIOTECH,TW:KNO,2011/7/27,77505U,T4154,KYG527551082
Genius Electn Optical Co Ltd,2005/12/2,2005/12/2,TW0003406005,3406,3827,Genius Electn Optical Co Ltd,geniuselecto,Genius Electronic Optical,Genius Electronic Optical,GENIUS ELECTRONIC OPTC.,TW:GNO,2005/12/20,31192F,T3406,TW0003406005
Innolux Display Corp,2006/10/11,2006/10/11,TW0003481008,3481,3679,Innolux Display Corp,indisplay,Emerging Display Technologies,Emerging Display Technologies,EMERGING DISPLAY TECHS.,TW:EDT,2001/4/3,257279,T3038,TW0003038006
Global Unichip Corp,2006/10/31,2006/10/31,TW0003443008,3443,3825,Global Unichip Corp,globalihi,Global Lighting Technologies,Global Lighting Technologies,GLOBAL LIGHTING TECHS.,TW:GLT,2011/7/28,77464N,T4935,KYG3931M1024
Darfon Electronics Corp,2007/11/15,2007/11/15,TW0008163007,8163,3679,Darfon Electronics Corp,darfos,Standard Foods,Standard Foods,STANDARD FOODS,TW:SFT,1994/4/8,362416,T1227,TW0001227007
Lotes Co Ltd,2007/11/27,2007/11/27,TW0003533006,3533,3678,Lotes Co Ltd,lotes,Global Material Science,Global Material Science,GLOBAL MATERIAL SCIENCE,TW:GMS,2015/1/8,92700M,T6481,TW0006481005
Century Iron&Steel Industrial,2008/2/26,2008/2/26,TW0009958009,9958,3341,Century Iron&Steel Industrial,centuryirons,Century Iron and Steel Industrial,Century Iron and Steel Industrial,CENTURY IOSTL.INDUSTRIAL,TW:CIL,2008/3/12,51521N,T9958,TW0009958009
Sintronic Technology Inc,2008/4/17,2008/4/17,TW0003536009,3536,3641,Sintronic Technology Inc,sintronic,Silicon Optronics,Silicon Optronics,SILICON OPTRONICS,TW:SOX,2007/4/18,50973E,T3530,TW0003530002
Dynamic Electronics Co Ltd,2009/3/10,2008/6/27,TW0006251002,6251,3672,Dynamic Electronics Co Ltd,dynamics,Dynamic Precision Industry,Dynamic Precision Industry,DYNAMIC PRECISION IND.,TW:DYP,2001/2/2,13052P,T8928,TW0008928003
Array Networks Inc,2009/5/13,2009/5/13,TW0003664009,3664,7372,Array Networks Inc,aanetworks,Alpha Networks,Alpha Networks,ALPHA NETWORKS,TW:ANI,2004/12/20,29830F,T3380,TW0003380002
Entire Technology Co Ltd,2009/8/19,2009/6/26,TW0003573002,3573,3679,Entire Technology Co Ltd,entire,Neng TYI Precision Industries,Neng TYI Precision Industries,NENG TYI PRECISION INDS.,TW:NTY,2007/7/25,36277H,T3512,TW0003512000
Danen Technology Corp,2010/7/13,2010/4/13,TW0003686002,3686,3674,Danen Technology Corp,danen,Advanced Semiconductor Engineering,Advanced Semiconductor Engineering,ADVANCED SEMICON.ENGR.,TW:ASE,1989/7/19,540324,T2311,TW0002311008
Airtac Intl Grp,2010/12/6,2010/11/11,,1590,3594,Airtac Intl Grp,airtacgrp,Airtac International Group,Airtac International Group,AIRTAC INTERNATIONAL GP.,TW:AIG,2010/12/13,72968J,T1590,KYG014081064
Apacer Technology Inc,2010/12/22,2010/6/14,TW0008271008,8271,3674,Apacer Technology Inc,apacer,Apac Opto Electronics,Apac Opto Electronics,APAC OPTO ELTN.,TW:AOE,2002/2/27,15229X,T4908,TW0004908009
Ili Technology Corp,2011/1/4,2010/9/27,TW0003598009,3598,3674,Ili Technology Corp,ili,Taiwan Leader Biotechnology,Taiwan Leader Biotechnology,TAIWAN LEADER BIOTECH,TW:LDB,2016/1/14,8839TW,T8490,TW0008490004
Taimide Tech Inc,2011/9/28,2011/4/28,TW0003645008,3645,2671,Taimide Tech Inc,taiitech,Tai-Ling Biotechnology,Tai-Ling Biotechnology,TAI-LING BIOTECH,TW:TAL,2016/2/26,8933Y6,T8496,TW0008496001
Taiwan Enterprise(Cayman)Co,2011/10/17,2010/1/28,KYG8661M1078,5906,2329,Taiwan Enterprise(Cayman)Co,taianenterpris,Tainan Enterprises,Tainan Enterprises,TAINAN ENTERPRISES,TW:TNE,1999/4/15,691412,T1473,TW0001473007
G-TECH Optoelectronics Corp,2011/11/16,2011/2/25,TW0003149001,3149,3674,G-TECH Optoelectronics Corp,choptoelect,Chi Mei Optoelectronics,Chi Mei Optoelectronics,CHI MEI OPTOELECTRONICS,TW:CMO,2002/8/26,26146C,T3009,TW0003009007
Zhen Ding Tech Hldg Ltd,2011/12/19,2011/8/25,KYG989221000,4958,3672,Zhen Ding Tech Hldg Ltd,zhendinghld,Zhen Ding Technology Holding,Zhen Ding Technology Holding,ZHEN DING TECH.HOLDING,TW:ZHE,2011/12/26,86589M,T4958,KYG989221000
Chateau Intl Dvlp Co Ltd,2012/3/7,2011/8/14,TW0002722006,2722,7011,Chateau Intl Dvlp Co Ltd,chateaudvlp,Chateau International Development,Chateau International Development,CHATEAU INTL.DEVELOPMENT,TW:CID,2009/9/17,69903K,T2722,TW0002722006
Fulgent Sun Intl(Hldg)Co Ltd,2012/10/11,2012/4/20,KYG291021031,9802,3021,Fulgent Sun Intl(Hldg)Co Ltd,fulgentsun(,Fulgent Sun International (Holding),Fulgent Sun International (Holding),FULGENT SUN INTL.(HLDG.),TW:FLS,2012/10/18,87746Q,T9802,KYG368891068
Eastern Technologies Holding,2012/10/29,2011/6/16,KYG291021031,5225,3651,Eastern Technologies Holding,arntechnolo,Paragon Technologies,Paragon Technologies,PARAGON TECHNOLOGIES,TW:PRG,2007/11/28,36284T,T3518,TW0003518007
Calin Technology Co Ltd,2012/11/13,2012/4/26,TW0004976006,4976,3827,Calin Technology Co Ltd,calin,Medical Imaging,Medical Imaging,MEDICAL IMAGING,TW:MIM,2017/6/26,91074D,T6637,TW0006637002
PCL Technologies Inc,2013/11/13,2013/3/26,KYG6956N1034,4977,3674,PCL Technologies Inc,ctechnologies,CVC Technologies,CVC Technologies,CVC TECHNOLOGIES,TW:CVC,2009/5/27,67705N,T4744,TW0004744008
Pilot Electronics Corp,2013/11/14,2012/4/18,TW0004916002,4916,3577,Pilot Electronics Corp,pilos,TPG Biologics,TPG Biologics,TPG BIOLOGICS,TW:TPG,2015/3/18,9373MT,T6521,TW0006521008
Onano Industrial Corp,2013/11/21,2013/4/9,TW0006405004,6405,3231,Onano Industrial Corp,onano,Union Bank of Taiwan,Union Bank of Taiwan,UNION BANK OF TAIWAN,TW:UBT,1996/1/4,887854,T2838,TW0002838000
Candmark Electroptics Co Ltd,2013/11/26,2013/6/7,TW0005259006,5259,3679,Candmark Electroptics Co Ltd,candrelectro,Chander Electronics,Chander Electronics,CHANDER ELECTRONICS,TW:CRL,2004/3/25,28724H,T8068,TW0008068008
TOPBI International Holdings,2013/12/23,2013/7/4,KYG8922A1085,2929,2369,TOPBI International Holdings,toholdings,Daito ME Holdings,Daito ME Holdings,DAITO ME HOLDINGS,TW:DMH,2016/1/8,8838CJ,T8455,KYG264101034
Tsang Yow Industry Co Ltd,2014/5/7,2013/3/22,TW0001568004,1568,3711,Tsang Yow Industry Co Ltd,sangindustr,Sinkang Industries,Sinkang Industries,SINKANG INDS.,TW:SII,1996/5/3,887822,T2032,TW0002032000
Aerospace Industrial Dvlp Corp,2014/8/20,2014/4/7,,2634,3728,Aerospace Industrial Dvlp Corp,aerospacedvl,Aerospace Industrial Development,Aerospace Industrial Development,AEROSPACE INDV.,TW:AID,2014/8/25,9061NL,T2634,TW0002634003
Enterex Intl,2014/10/8,2014/4/28,KYG316231045,1592,3714,Enterex Intl,eerexinl,Evertex Frabinology,Evertex Frabinology,EVERTEX FRABINOLOGY,TW:EDF,1999/5/21,691518,T1470,TW0001470003
Shunsin Tech Hldg Ltd,2015/1/19,2015/1/15,,6451,3674,Shunsin Tech Hldg Ltd,shunsinhldg,Shunsin Technology Holdings,Shunsin Technology Holdings,SHUNSIN TECH.HDG.,TW:SUS,2015/1/26,9297H5,T6451,KYG811801045
Pharmally Intl Hldg Co Ltd,2015/3/20,2014/10/27,,6452,2834,Pharmally Intl Hldg Co Ltd,pharmallyhl,Pharmally International Holding Company,Pharmally International Holding Company,PHARMALLY INTERNATIONAL HLDG.CO.,TW:PIH,2015/3/25,9384CN,T6452,KYG7060F1019
Gen Interface Solution (GIS),2015/6/5,2014/11/19,,6456,3678,Gen Interface Solution (GIS),generacsol,General Infc Solution GIS Holding,General Infc Solution GIS Holding,GENERAL INFC.SLN.GIS HLDG.,TW:SGH,2015/6/12,96602X,T6456,KYG3808R1011
RTM,2015/7/6,2014/9/24,TW0008463001,8463,3241,RTM,rtm,Amulaire Thermal Technology,Amulaire Thermal Technology,AMULAIRE THERMAL TECHNOLOGY,TW:ATL,2016/3/10,89549E,T2241,TW0002241007
Jourdeness Group Ltd,2015/10/14,2014/12/3,,4190,7299,Jourdeness Group Ltd,orsgroup,Polaris Group,Polaris Group,POLARIS GROUP,TW:POG,2016/2/15,8885KA,T6550,KYG7171A1085
M.J. International Co Ltd,2016/10/18,2016/6/12,,8466,3089,M.J. International Co Ltd,mj,Gomaji,Gomaji,GOMAJI,TW:GMJ,2015/1/14,9273ND,T8472,TW0008472002
WW Holding Inc,2016/11/1,2016/4/25,,8442,3069,WW Holding Inc,wwholding,WW-Ky Holding,WW-Ky Holding,WW-KY HLDG.,TW:WWK,2016/11/8,2722NP,T8442,KYG981151015
Laster Tech Corp Ltd,2016/12/5,2016/7/28,TW0003346003,3346,5065,Laster Tech Corp Ltd,laterech,Leadtek Research,Leadtek Research,LEADTEK RESEARCH,TW:LRI,1999/6/3,691556,T2465,TW0002465002
Hou Hai Precision Industry Co,1991/6/18,1991/6/18,,HOUHAI,3559,Hou Hai Precision Industry Co,hohaiprecision,Hon Hai Precision Industry,Hon Hai Precision Industry,HON HAI PRECN.IND.,TW:HON,1991/6/18,314129,T2317,TW0002317005
Tecon Co Ltd,1991/11/8,1991/11/8,,TECON,3661,Tecon Co Ltd,tecon,Taiwan Semiconductor Manufacturing,Taiwan Semiconductor Manufacturing,TAIWAN SEMICON.MNFG.,TW:TSM,1994/9/6,140406,T2330,TW0002330008
Hwang Dih Lon Textile,1992/4/8,1992/4/8,TW0001448009,HWANG,2269,Hwang Dih Lon Textile,nglontext,Toungloong Textile Manufacturing,Toungloong Textile Manufacturing,TOUNGLOONG TEX.MNFG.,TW:TLT,1996/5/9,887808,T4401,TW0004401005
Ruentex Construction & Dvlp Co,1992/4/30,1992/4/30,TW0009566943,9945,1522,Ruentex Construction & Dvlp Co,ruentexnstr,Ruentex Industries,Ruentex Industries,RUENTEX INDUSTRIES,TW:RUE,1989/7/3,777120,T2915,TW0002915006
Tah Shin Industrial Group,1992/5/9,1992/5/9,TW0009567180,TAHSIG,3559,Tah Shin Industrial Group,tashingro,Tai Shing Electronics Components,Tai Shing Electronics Components,TAI SHING ELECTRONICS COMPONENTS,TW:TSP,2015/9/11,99243H,T3426,TW0003426003
Feng Hsin Iron & Steel Co Ltd,1992/5/25,1992/5/25,TW0009567743,FENGIS,3312,Feng Hsin Iron & Steel Co Ltd,fenghsinst,Feng Hsin Steel,Feng Hsin Steel,FENG HSIN STEEL,TW:FHI,1992/5/29,316089,T2015,TW0002015005
Sin-Yih Ceramic Co Ltd,1992/8/10,1992/8/10,TW0008943978,1806,3253,Sin-Yih Ceramic Co Ltd,sinicemic,Hsinli Chemical Industrial,Hsinli Chemical Industrial,HSINLI CHEMICAL INDL.,TW:HSI,1999/3/10,691230,T4303,TW0004303003
Long Bon Construction Co Ltd,1992/9/26,1992/9/26,,2514,3575,Long Bon Construction Co Ltd,longconstruc,Le Young Construction,Le Young Construction,LE YOUNG CONSTRUCTION,TW:LYC,2008/6/24,67736E,T2599,TW0002599008
Merida Industry Co Ltd,1992/9/30,1992/9/30,TW0008944364,MERIDA,3751,Merida Industry Co Ltd,raindustr,Aurona Industries,Aurona Industries,AURONA INDUSTRIES,TW:ARN,2004/1/27,28395X,T8074,TW0008074006
Sun Yad Plastic Co Ltd,1992/10/15,1992/10/15,,1316,3089,Sun Yad Plastic Co Ltd,nyaplastic,Nan Ya Plastics,Nan Ya Plastics,NAN YA PLASTICS,TW:NYP,1987/9/8,756122,T1303,TW0001303006
Chia I Industrial Co Ltd,1992/11/2,1992/11/2,TW0008943945,2017,3315,Chia I Industrial Co Ltd,chiai,Cathay Financial Holding,Cathay Financial Holding,CATHAY FINL.HLDG.,TW:CFC,1988/7/13,772053,T2882,TW0002882008
Ta Jiang Group Co Ltd,1993/4/19,1993/4/19,TW0001453009,1453,2281,Ta Jiang Group Co Ltd,tajiangop,Ta Jiang Development,Ta Jiang Development,TA JIANG DEVELOPMENT,TW:TJG,1993/4/22,317060,T1453,TW0001453009
Taiwan Taiffeta Fabric,1993/5/7,1993/5/7,TW0008939026,TTFAB,2231,Taiwan Taiffeta Fabric,taiwantaffetaf,Taiwan Taffeta Fabric,Taiwan Taffeta Fabric,TAIWAN TAFFETA FABRIC,TW:TTR,1993/5/12,317190,T1454,TW0001454007
Hong Tai Electronic Ind,1993/5/8,1993/5/8,TW0008943994,HONGT,3679,Hong Tai Electronic Ind,hongtaii,Hong Tai Electric Industrial,Hong Tai Electric Industrial,HONG TAI ELEC.INDL.,TW:HEC,1993/5/12,317191,T1612,TW0001612000
Chang Ku Building Co Ltd,1993/5/28,1993/5/28,TW0008944232,CHANGK,1522,Chang Ku Building Co Ltd,chanbuildin,Champion Building Materials,Champion Building Materials,CHAMPION BLDG.MATS.,TW:SYC,1992/9/28,315992,T1806,TW0001806008
CTCI Corp Ltd,1993/5/28,1993/5/28,TW0002541000,9933,1541,CTCI Corp Ltd,ctci,Cathay Financial Holding,Cathay Financial Holding,CATHAY FINL.HLDG.,TW:CFC,1988/7/13,772053,T2882,TW0002882008
Tze Shing Transport Terminal,1993/10/28,1993/10/28,TW0008944281,2611,4412,Tze Shing Transport Terminal,tshingtro,Tai Shing Electronics Components,Tai Shing Electronics Components,TAI SHING ELECTRONICS COMPONENTS,TW:TSP,2015/9/11,99243H,T3426,TW0003426003
Pan Intl Industrial Corp,1993/11/9,1993/11/9,TW0008943887,2328,3678,Pan Intl Industrial Corp,anintl,Taiwan Line Tek Electronic,Taiwan Line Tek Electronic,TAIWAN LINE TEK ELT.,TW:TLE,1996/1/4,887813,T2462,TW0002462009
Lee-Tah Farm Industries Co,1993/12/10,1993/12/10,TW0008938069,LEETAH,5191,Lee-Tah Farm Industries Co,leetahfarmindu,Lee Tah Farm Industries,Lee Tah Farm Industries,LEE TAH FARM INDS.,TW:LTF,1993/12/10,356846,T8724,TW0008724006
Pony Leather Corp,1994/2/22,1994/2/22,,PONYL,2295,Pony Leather Corp,onleather,Union Leather and Printing,Union Leather and Printing,UNION LEATHER & PRINTING,TW:ULE,1989/7/3,777151,T1306,TW0001306009
Eternal Chemical Co Ltd,1994/3/30,1994/3/30,TW0008943986,1717,2899,Eternal Chemical Co Ltd,eternalmial,Eternal Materials,Eternal Materials,ETERNAL MATERIALS,TW:ETE,1994/3/30,362256,T1717,TW0001717007
Wei-Cheng Construction,1994/10/18,1994/10/18,,,8711,Wei-Cheng Construction,echngconstr,TE Chang Construction,TE Chang Construction,TE CHANG CONSTRUCTION,TW:TCC,1998/12/9,675837,T5511,TW0005511000
Associated Transport Inc,1994/10/20,1994/10/20,,ATRANS,4412,Associated Transport Inc,associatedns,Associated Industries China,Associated Industries China,ASSOCIATED INDS.CHINA,TW:AIC,1992/8/10,316078,T9912,TW0009912006
Kuo Bin Ceramic Industry Co,1994/10/26,1994/10/26,TW0008986175,1808,3253,Kuo Bin Ceramic Industry Co,kuoincemic,Kuo Ching Chemical,Kuo Ching Chemical,KUO CHING CHEMICAL,TW:KUC,2009/10/22,69233V,T1757,TW0001757003
Tong Yang Industry Co Ltd,1994/12/12,1994/12/12,TW0008986126,1319,3714,Tong Yang Industry Co Ltd,ongngindust,Kwong Fong Industries,Kwong Fong Industries,KWONG FONG INDS.,TW:KFI,1989/7/3,777101,T1416,TW0001416006
Rexon,1995/2/4,1995/2/4,,REXON,3541,Rexon,rexon,Ablerex Electronics,Ablerex Electronics,ABLEREX ELECTRONICS,TW:ABL,2010/9/9,69713F,T3628,TW0003628004
Ding Ing Enterprise Co Ltd,1995/2/6,1995/2/6,TW0008985094,9923,3111,Ding Ing Enterprise Co Ltd,ngingenterpr,Tong Ming Enterprise,Tong Ming Enterprise,TONG MING ENTERPRISE,TW:TIG,2013/12/16,91407L,T5538,KYG8919A1031
Tycoons Grp Entrp Co Ltd,1995/3/27,1995/3/27,TW0008985425,2022,3312,Tycoons Grp Entrp Co Ltd,tycoonsgrpent,Tycoons Group Enterprise,Tycoons Group Enterprise,TYCOONS GP.ENTER.,TW:TYG,1995/3/27,141099,T2022,TW0002022001
TNC Industrial,1995/3/30,1995/3/30,TW0002372000,1719,3559,TNC Industrial,tnc,Taiwan Semiconductor Manufacturing,Taiwan Semiconductor Manufacturing,TAIWAN SEMICON.MNFG.,TW:TSM,1994/9/6,140406,T2330,TW0002330008
Falcon Cycle-Parts Co Ltd,1995/4/1,1995/4/1,,1516,3751,Falcon Cycle-Parts Co Ltd,loncepar,Long Chen Paper,Long Chen Paper,LONG CHEN PAPER,TW:LON,1989/7/3,777102,T1909,TW0001909000
Jen Hsiang Construction,1995/4/17,1995/4/17,TW0008973173,2529,1531,Jen Hsiang Construction,jenhsianconstr,Jen Hsian Construction,Jen Hsian Construction,JEN HSIAN CON.,TW:JHC,1995/4/17,141073,T2529,TW0002529005
Holtek Microelectronics Inc,1995/4/27,1995/4/27,,HOLTEK,3674,Holtek Microelectronics Inc,otekmicroele,Novatek Microelectronics,Novatek Microelectronics,NOVATEK MICROELS.,TW:NOV,2001/4/24,257412,T3034,TW0003034005
Accton Technology Corp,1995/9/6,1995/9/6,TW0009004077,2345,3577,Accton Technology Corp,accton,ABC Taiwan Electronics,ABC Taiwan Electronics,ABC TAIWAN ELECTRONICS,TW:ATB,2004/12/2,29740V,T3236,TW0003236006
Aceton Technology,1995/11/15,1995/11/15,,ACETON,7371,Aceton Technology,aceton,ABC Taiwan Electronics,ABC Taiwan Electronics,ABC TAIWAN ELECTRONICS,TW:ATB,2004/12/2,29740V,T3236,TW0003236006
Apex Science & Engineering,1995/11/25,1995/11/25,TW0009003178,APEX2,8711,Apex Science & Engineering,apexsciencen,APEX Science and Engineering,APEX Science and Engineering,APEX SCIENCE & ENGR.,TW:APX,1995/11/27,865278,T3052,TW0003052007
Synnex Tech Intl Corp,1995/12/13,1995/12/13,,2347,5045,Synnex Tech Intl Corp,sextechnl,Posiflex Technologies,Posiflex Technologies,POSIFLEX TECHNOLOGIES,TW:FLX,2005/7/20,29000M,T8114,TW0008114000
Yee Chen Construction,1995/12/30,1995/12/30,,YEECC,1541,Yee Chen Construction,echnconstruc,TE Chang Construction,TE Chang Construction,TE CHANG CONSTRUCTION,TW:TCC,1998/12/9,675837,T5511,TW0005511000
Dahin,1996/3/4,1996/3/4,TW0001320000,DAHIN,2899,Dahin,dahin,Lida Holdings,Lida Holdings,LIDA HOLDINGS,TW:LDH,2016/7/20,7742MQ,T4552,KYG5479W1033
S&T Copper Industries Co Ltd,1996/3/11,1996/3/11,TW0002026002,STCOP,3366,S&T Copper Industries Co Ltd,terindust,Tex Year Industries,Tex Year Industries,TEX YEAR INDUSTRIES,TW:TEX,2001/3/16,257096,T4720,TW0004720008
Ritek Corp,1996/4/23,1996/4/23,TW0009051789,2349,3572,Ritek Corp,ritek,Information-Tek,Information-Tek,INFO-TEK,TW:IFT,2005/3/30,30394C,T8183,TW0008183005
SDI Corp,1996/4/25,1996/4/25,,2351,3674,SDI Corp,sdi,Bossdom Digiinnovation,Bossdom Digiinnovation,BOSSDOM DIGIINNOVATION,TW:BSD,2017/5/22,9091HH,T6622,TW0006622004
Sanayang Industry,1996/7/1,1996/7/1,,SANAY,3711,Sanayang Industry,snangindustr,Sinkang Industries,Sinkang Industries,SINKANG INDS.,TW:SII,1996/5/3,887822,T2032,TW0002032000
Core Pacific Construction Corp,1996/9/1,1996/9/1,,,1522,Core Pacific Construction Corp,corepacifics,Core Pacific Securities,Core Pacific Securities,CORE PACIFIC SECS.,TW:CPS,1996/4/8,887874,T6013,TW0006013006
Shamrock Technology Co Ltd,1996/10/8,1996/10/8,,2354,3571,Shamrock Technology Co Ltd,shamrc,Shanghai Commercial and Savings Bank,Shanghai Commercial and Savings Bank,SHANGHAI COML.& SVG.BK.,TW:SSB,2014/9/25,9110QK,T5876,TW0005876007
Clevo Co,1997/6/28,1997/6/28,TW0002362001,2362,3571,Clevo Co,levoco,Level Biotechnology,Level Biotechnology,LEVEL BIOTECHNOLOGY,TW:LBT,2008/5/21,30903L,T3118,TW0003118006
Wisher Industries Co,1997/7/22,1997/7/22,,WISHER,2399,Wisher Industries Co,wheindustri,Hwa Chen Industries,Hwa Chen Industries,HWA CHEN INDS.,TW:HCI,1989/7/3,777094,TW2507,NA
Knowledge Yield Excellence,1997/9/13,1997/9/13,,TP,3629,Knowledge Yield Excellence,oledgeele,Golden Bridge Electech,Golden Bridge Electech,GLDN.BDG.ELECTECH,TW:GBE,2002/1/22,15128Q,T6133,TW0006133002
Formosa Intl Hotels Corp,1998/2/16,1998/2/16,,2707,7011,Formosa Intl Hotels Corp,formosahote,Formosa International Hotels,Formosa International Hotels,FORMOSA INTL.HOTELS,TW:FMI,1998/3/9,675156,T2707,TW0002707007
Taiwan First Invest & Trust Co,1998/3/5,1998/3/5,,2835,3999,Taiwan First Invest & Trust Co,taiwanfrtie,Taiwan Fertilizer,Taiwan Fertilizer,TAIWAN FERTILIZER,TW:TIF,1998/3/24,675291,T1722,TW0001722007
Lee-Tah Farm Industries Co,1998/5/8,1998/5/8,TW0001226009,LEETAH,5191,Lee-Tah Farm Industries Co,leetahfarmindu,Lee Tah Farm Industries,Lee Tah Farm Industries,LEE TAH FARM INDS.,TW:LTF,1993/12/10,356846,T8724,TW0008724006
Yeun Chyang Industrial Co Ltd,1998/7/28,1998/7/28,,2034,3312,Yeun Chyang Industrial Co Ltd,yunchang,Yuen Chang SSTL,Yuen Chang SSTL,YUEN CHANG SSTL.,TW:YCS,2015/2/5,9301Z5,T2069,TW0002069002
ZyXEL Communications Corp,1998/8/4,1998/8/4,,2391,3663,ZyXEL Communications Corp,elcommunicat,Well Communication,Well Communication,WELL COMMUNICATION,TW:WEL,2001/3/9,256990,T3039,TW0003039004
Arima Computer Corp,1998/11/16,1998/11/16,,2381,3571,Arima Computer Corp,aacomputer,Quanta Computer,Quanta Computer,QUANTA COMPUTER,TW:QUM,1999/1/8,695966,T2382,TW0002382009
Basso Industry Corp,1998/12/15,1998/12/15,TW0004519004,1527,3559,Basso Industry Corp,aoindustr,Aurona Industries,Aurona Industries,AURONA INDUSTRIES,TW:ARN,2004/1/27,28395X,T8074,TW0008074006
Choice Lithograph Inc,1999/5/27,1999/5/27,,9929,2731,Choice Lithograph Inc,choicelop,Choice Development,Choice Development,CHOICE DEVELOPMENT,TW:CCC,1996/1/4,887878,T9929,TW0009929000
ALi Corp,1999/8/17,1999/8/17,,3041,3674,ALi Corp,ali,Taiwan Leader Biotechnology,Taiwan Leader Biotechnology,TAIWAN LEADER BIOTECH,TW:LDB,2016/1/14,8839TW,T8490,TW0008490004
Horng Jiuh Construction Corp,1999/8/17,1999/8/17,TW0002542008,2542,1521,Horng Jiuh Construction Corp,honghconstr,Chong Hong Construction,Chong Hong Construction,CHONG HONG CON.,TW:CCL,2002/3/26,15354C,T5534,TW0005534002
Chang Ho Fibre Corp,1999/8/26,1999/8/26,TW0001468007,1468,2221,Chang Ho Fibre Corp,changhofibre,Chang-Ho Fibre,Chang-Ho Fibre,CHANG-HO FIBRE,TW:CHO,1999/1/21,691009,T1468,TW0001468007
Aaeon Technology Inc,1999/8/30,1999/8/30,,2463,3571,Aaeon Technology Inc,aaeon,Taiwan Semiconductor Manufacturing,Taiwan Semiconductor Manufacturing,TAIWAN SEMICON.MNFG.,TW:TSM,1994/9/6,140406,T2330,TW0002330008
Phihong Enterprises Co Ltd,2000/1/12,2000/1/12,,2457,3674,Phihong Enterprises Co Ltd,ihngenterpri,Li Cheng Enterprise,Li Cheng Enterprise,LI CHENG ENTERPRISE,TW:LIR,2006/11/10,31192Q,T4426,TW0004426002
Yosun Industrial Corp,2000/2/27,2000/2/27,,2403,5065,Yosun Industrial Corp,yosun,Tycoons Group Enterprise,Tycoons Group Enterprise,TYCOONS GP.ENTER.,TW:TYG,1995/3/27,141099,T2022,TW0002022001
Sweeten Construction Co Ltd,2000/4/22,2000/4/22,,5525,1522,Sweeten Construction Co Ltd,tenconstruc,TE Chang Construction,TE Chang Construction,TE CHANG CONSTRUCTION,TW:TCC,1998/12/9,675837,T5511,TW0005511000
ABIT Computer Corp,2000/5/28,2000/5/28,,2407,3577,ABIT Computer Corp,atcomputer,Quanta Computer,Quanta Computer,QUANTA COMPUTER,TW:QUM,1999/1/8,695966,T2382,TW0002382009
Acer Display Technology Inc,2000/8/14,2000/8/14,,2409,3674,Acer Display Technology Inc,erdisplay,Emerging Display Technologies,Emerging Display Technologies,EMERGING DISPLAY TECHS.,TW:EDT,2001/4/3,257279,T3038,TW0003038006
Tong Tai Machine & Tool Co Ltd,2000/8/29,2000/8/29,,4526,3541,Tong Tai Machine & Tool Co Ltd,tongtaimachine,Tong-Tai Machine and Tool,Tong-Tai Machine and Tool,TONG-TAI MACH.& TOOL,TW:TTT,2000/9/28,265630,T4526,TW0004526009
Wintech Microelectronics Co,2000/8/29,2000/8/29,,3036,3674,Wintech Microelectronics Co,ntemicroele,United Micro Electronics,United Micro Electronics,UNITED MICRO ELTN.,TW:UTD,1988/7/19,777152,T2303,TW0002303005
Tung Kai Tech Engineering Co,2000/10/4,2000/10/4,,3018,1541,Tung Kai Tech Engineering Co,tungkaiengi,Tung Kai Technology Engineering,Tung Kai Technology Engineering,TUNG KAI TECH.ENGR.,TW:TKT,2000/11/8,269793,T3018,TW0003018008
SONiX Technology Co Ltd,2000/11/1,2000/11/1,,5471,3674,SONiX Technology Co Ltd,sonix,Sitronix Technology,Sitronix Technology,SITRONIX TECHNOLOGY,TW:STX,2003/12/25,28257M,T8016,TW0008016007
Sinbon Electronics Co Ltd,2001/4/2,2001/4/2,,3023,3679,Sinbon Electronics Co Ltd,sinons,Taiwan Shin Kong Security,Taiwan Shin Kong Security,TAIWAN SHIN KONG SCTY.,TW:TSS,1995/12/11,865382,T9925,TW0009925008
SYSCOM Group,2001/4/22,2001/4/22,,2453,3577,SYSCOM Group,syscomop,Syscom Computer Engineering,Syscom Computer Engineering,SYSCOM CMP.ENGR.,TW:SCE,2001/5/22,263946,T2453,TW0002453008
Cyntec Co Ltd,2001/5/2,2001/5/2,,2452,3674,Cyntec Co Ltd,cyntec,China Synthetic Rubber,China Synthetic Rubber,CHINA SYN.RUBBER,TW:CSR,1989/7/3,777080,T2104,TW0002104007
Chilisin Electronics Corp,2001/8/22,2001/8/22,,2456,3677,Chilisin Electronics Corp,chiliins,China Life Insurance,China Life Insurance,CHINA LIFE INSURANCE,TW:CNI,1995/2/8,140969,T2823,TW0002823002
Teco Enterprise Co Ltd,2001/9/21,2001/9/21,,6119,5065,Teco Enterprise Co Ltd,centerprise,Arich Enterprise,Arich Enterprise,ARICH ENTERPRISE,TW:REA,2012/7/10,87308L,T4173,TW0004173000
Xepex Electronics Co Ltd,2001/12/1,2001/12/1,,6132,5065,Xepex Electronics Co Ltd,xepes,x'Pole Precision,x'Pole Precision,X'POLE PRECISION,31191M,2005/6/7,31191M,NA,TW0001573004
TurboComm Tech Inc,2001/12/5,2001/12/5,,2494,3357,TurboComm Tech Inc,ubocommec,Fubon Commercial Bank,Fubon Commercial Bank,FUBON COMMERCIAL BANK,887862,1996/4/23,887862,T2842,TW0002842002
Career Tec(MFG)Co Ltd,2002/1/7,2002/1/7,TWU00R076002,6153,3674,Career Tec(MFG)Co Ltd,career(mfc,Career Technology (Manufacturing),Career Technology (Manufacturing),CAREER TECH.(MNFG.),TW:CRM,2002/2/4,15163E,T6153,TW0006153000
Dafeng TV Ltd,2002/4/29,2002/4/29,TWU00R902009,6184,4813,Dafeng TV Ltd,dafengtv,Dafeng Television,Dafeng Television,DAFENG TV,TW:DFC,2002/5/28,25569H,T6184,TW0006184005
Jess Link Products Co Ltd,2002/11/12,2002/11/12,TWU00R143000,6197,3643,Jess Link Products Co Ltd,jesslinkproduc,Jess-Link Products,Jess-Link Products,JESS-LINK PRODUCTS,TW:JLP,2002/12/11,26599W,T6197,TW0006197007
Highlight Tech Corp,2002/11/25,2002/11/25,TWU00R046005,6208,5722,Highlight Tech Corp,highlight,High Power Lighting,High Power Lighting,HIGH POWER LIGHTING,TW:HOP,2015/12/15,8758ED,T6559,TW0006559008
MET Technology Co Ltd,2002/11/28,2002/11/28,TWU00R069007,6212,3651,MET Technology Co Ltd,met,Taiwan Cement,Taiwan Cement,TAIWAN CEMENT,TW:TCM,1987/9/9,756125,T1101,TW0001101004
Ya Horng Electronic Co,2002/11/29,2002/11/29,TWU00R159006,6201,3663,Ya Horng Electronic Co,yahorngco,Ya Horng Electronic,Ya Horng Electronic,YA HORNG ELECTRONIC,TW:YAH,2002/12/27,26637M,T6201,TW0006201007
ITEQ Corp,2002/12/1,2002/12/1,TWU00R133001,6213,3674,ITEQ Corp,iteq,Bioteque,Bioteque,BIOTEQUE,TW:BIO,2002/3/4,15245L,T4107,TW0004107008
Draytek Corporation,2002/12/23,2002/12/23,TWU00R164006,6216,3674,Draytek Corporation,rateotion,Promate Solutions,Promate Solutions,PROMATE SOLUTIONS,TW:PMS,2016/3/8,8949RX,T6577,TW0006577000
MJC Probe Inc,2003/1/6,2003/1/6,TW0006223001,6223,3674,MJC Probe Inc,cprobe,CCP Contact Probes,CCP Contact Probes,CCP CONTACT PROBES,TW:CPN,2003/1/9,26675F,T6217,TW0006217003
Topro Technology Inc,2003/3/31,2003/3/31,TW0006236003,6236,3674,Topro Technology Inc,topro,Mutto Optronics,Mutto Optronics,MUTTO OPTRONICS,TW:MOC,2010/6/29,774512,T4950,TW0004950001
Trinity Metallize Co Ltd,2003/3/31,2003/3/31,TW0004534003,4534,3499,Trinity Metallize Co Ltd,trinityei,Trinity Precision Technology,Trinity Precision Technology,TRINITY PRECISION TECH.,TW:TRM,2003/3/31,26924T,T4534,TW0004534003
Catalyst Logic Co Ltd,2003/3/31,2003/3/31,TW0006238009,6238,7812,Catalyst Logic Co Ltd,cataystic,Cathay Plastic Suspended 16/07/90,Cathay Plastic Suspended 16/07/90,CATHAY PLASTIC SUSP.16/07/90,TW:CPL,1989/7/3,772074,TW1302,NA
Amigo Technology Co Ltd,2003/4/8,2003/4/8,TW0006241003,6241,3571,Amigo Technology Co Ltd,amigo,Amazing Microelectronic,Amazing Microelectronic,AMAZING MICROELECTRONIC,TW:AMX,2012/12/25,87958E,T6411,TW0006411002
Ene Technology Inc,2003/4/22,2003/4/22,TW0006243009,6243,3613,Ene Technology Inc,ene,Taiwan Environmental Scientific,Taiwan Environmental Scientific,TAIWAN ENV.SCIEN.,TW:EVS,2015/7/6,9748XG,T8476,TW0008476003
Lanner Electronics Inc,2003/5/19,2003/5/19,TW0006245004,6245,3571,Lanner Electronics Inc,laners,Alpha Networks,Alpha Networks,ALPHA NETWORKS,TW:ANI,2004/12/20,29830F,T3380,TW0003380002
Kings Information Co Ltd,2003/5/30,2003/5/30,TW0006240005,6240,7376,Kings Information Co Ltd,ininformatio,Asian Information Technology,Asian Information Technology,ASIAN INFO.TECH.,TW:AIT,2002/3/7,15267Q,T6159,TW0006159007
Oncoprobe Biotech Inc,2003/7/22,2003/7/22,TW0004113006,4113,2836,Oncoprobe Biotech Inc,ncorebiotec,Syncore Biotechnology,Syncore Biotechnology,SYNCORE BIOTECHNOLOGY,TW:SYO,2013/8/29,89729N,T4192,TW0004192000
Planet Technology Corporation,2003/9/17,2003/9/17,TW0006263007,6263,3674,Planet Technology Corporation,pantration,Pan-International Industrial,Pan-International Industrial,PAN-INTL.INDL.,TW:PAI,1993/11/9,315361,T2328,TW0002328002
Shun On Electronic Co Ltd,2003/10/20,2003/10/20,TWU00R236002,6283,3674,Shun On Electronic Co Ltd,shunon,Shunsin Technology Holdings,Shunsin Technology Holdings,SHUNSIN TECH.HDG.,TW:SUS,2015/1/26,9297H5,T6451,KYG811801045
Mingjong Technologies Co Ltd,2003/10/30,2003/10/30,TW0006276009,6276,3679,Mingjong Technologies Co Ltd,jontechnol,Jorjin Technologies,Jorjin Technologies,JORJIN TECHNOLOGIES,TW:JTG,2010/11/16,77451N,T4980,TW0004980008
Feng Sheng Technology Co Ltd,2003/11/26,2003/11/26,TW0008071002,8071,3674,Feng Sheng Technology Co Ltd,fenghng,Feng Ching Metal,Feng Ching Metal,FENG CHING METAL,TW:FCM,2010/12/9,31192D,T2061,TW0002061009
Pro-Nets Technology Ltd,2003/12/30,2003/12/30,TW0008082009,8082,3661,Pro-Nets Technology Ltd,prones,Plastron Precision,Plastron Precision,PLASTRON PRECISION,TW:PPC,2002/8/9,26099J,T6185,TW0006185002
Gu Ta Internet Information Co,2004/2/1,2004/2/1,,3085,7375,Gu Ta Internet Information Co,ainterntin,Pan-International Industrial,Pan-International Industrial,PAN-INTL.INDL.,TW:PAI,1993/11/9,315361,T2328,TW0002328002
L&K Precision Technology Co,2004/2/2,2004/2/2,TW0008097007,8097,3699,L&K Precision Technology Co,lprecision,Largan Precision,Largan Precision,LARGAN PRECISION,TW:LPC,2002/3/11,15284R,T3008,TW0003008009
Ame Inc,2004/2/14,2004/2/14,TW0003188009,3188,3674,Ame Inc,ame,Taiwan Mobile,Taiwan Mobile,TAIWAN MOBILE,TW:TCE,2000/9/19,264789,T3045,TW0003045001
Service&Quality Tech Co Ltd,2004/2/20,2004/2/20,TW0003219002,3219,3674,Service&Quality Tech Co Ltd,servicequali,Service and Quality Technology,Service and Quality Technology,SERVICE & QUALITY TECH.,TW:S&Q,2004/3/19,28685W,T3219,TW0003219002
CviLux Corporation,2004/2/23,2004/2/23,TW0008103003,8103,3674,CviLux Corporation,vioration,Aver Information,Aver Information,AVER INFORMATION,TW:ARM,2009/7/15,68917X,T3669,TW0003669008
Wayi Intl Digital Ent,2004/2/26,2004/2/26,TW0003086005,3086,7372,Wayi Intl Digital Ent,wayidigital,Wayi International Digital Entertainment,Wayi International Digital Entertainment,WAYI INTL.DIG.ENTM.,TW:WID,2004/3/29,28736X,T3086,TW0003086005
Prime View Intl Co Ltd,2004/3/1,2004/3/1,TW0008069006,8069,3679,Prime View Intl Co Ltd,primeiei,Prime Oil Chemical Service,Prime Oil Chemical Service,PRIME OIL CHEMICAL SER.,TW:PAN,1990/1/4,777113,T2904,TW0002904000
Topower Computer Ind Co Ltd,2004/5/16,2004/5/16,TW0003226007,3226,3577,Topower Computer Ind Co Ltd,twecomputer,Jetwell Computer Company,Jetwell Computer Company,JETWELL COMPUTER CO.,TW:JET,2013/9/30,90410P,T3147,TW0003147005
Optimum Care Intl Tech Inc,2004/8/27,2004/8/27,,3252,3674,Optimum Care Intl Tech Inc,omucaent,Compucase Enterprise,Compucase Enterprise,COMPUCASE ENTERPRISE,TW:CPE,2001/4/16,257306,T3032,TW0003032009
Crete Systems Inc,2004/9/1,2004/9/1,TW0003213005,3213,3674,Crete Systems Inc,ctesystem,Focaltech Systems,Focaltech Systems,FOCALTECH SYSTEMS,TW:ORS,2007/7/3,50761H,T3545,TW0003545000
Kitai Contractors Inc,2004/9/1,2004/9/1,TW0006402001,6402,1522,Kitai Contractors Inc,kitaicontrct,Kitai Construction and Development,Kitai Construction and Development,KITAI CON.& DEVELOPMENT,TW:KCI,2001/2/8,256615,T6402,TW0006402001
A-DATA Technology Co Ltd,2004/9/8,2004/9/8,TW0003260006,3260,3674,A-DATA Technology Co Ltd,adata,Adata Technology,Adata Technology,ADATA TECHNOLOGY,TW:AAA,2004/10/8,29343R,T3260,TW0003260006
Ocean Bright Co Ltd,2004/9/16,2004/9/16,TW0003266003,3266,2836,Ocean Bright Co Ltd,oceanbrg,Oceanic Beverages,Oceanic Beverages,OCEANIC BEVS.,TW:OCE,1989/7/3,777110,T1213,TW0001213007
Dynapack Intl Tech Corp,2004/10/12,2004/10/12,TW0003211009,3211,3691,Dynapack Intl Tech Corp,naacttec,Jinan Acetate Chemical,Jinan Acetate Chemical,JINAN ACETATE CHEMICAL,TW:JAT,2015/11/9,8717H0,T4763,KYG5138S1057
ABC Taiwan Electronics Corp,2004/11/3,2004/11/3,TW0003236006,3236,3678,ABC Taiwan Electronics Corp,abtaiwan,Abnova (Taiwan),Abnova (Taiwan),ABNOVA (TAIWAN),TW:ABN,2009/12/28,53812P,T4133,TW0004133004
Applied Vacuum Coating Tech,2004/11/5,2004/11/5,TW0008077009,8077,3679,Applied Vacuum Coating Tech,appliedco,Applied Biocode,Applied Biocode,APPLIED BIOCODE,T:APB,2017/2/9,9013U1,T6598,KYG0488D1051
Phison Electronics Corp,2004/11/9,2004/11/9,TW0008299009,8299,3674,Phison Electronics Corp,phison,Phoenix Silicon International,Phoenix Silicon International,PHOENIX SILICON INTL.,TW:POS,2014/12/23,9264FH,T8028,TW0008028002
Health & Life Co Ltd,2004/11/24,2004/11/24,TW0001781003,1781,3845,Health & Life Co Ltd,healthlife,Health and Life,Health and Life,HEALTH & LIFE,TW:HLC,2004/12/24,29819K,T1781,TW0001781003
Topoint Technology Co Ltd,2004/11/24,2004/11/24,TW0008021007,8021,3674,Topoint Technology Co Ltd,topoint,Topco Scientific,Topco Scientific,TOPCO SCIENTIFIC,TW:TCO,2000/5/24,280861,T5434,TW0005434005
FuPo Electronics Corp,2004/11/25,2004/11/25,TW0008066002,8066,3674,FuPo Electronics Corp,fuos,Taiwan Fructose,Taiwan Fructose,TAIWAN FRUCTOSE,TW:TFC,2000/1/21,280203,T4207,TW0004207006
ENG Electric Co Ltd,2004/12/7,2004/12/7,TW0008287004,8287,3679,ENG Electric Co Ltd,engelectric,English Electric,English Electric,ENG ELECTRIC,TW:ENG,2005/1/3,29917W,T8287,TW0008287004
Yeu Hwan Technology Corp Ltd,2004/12/16,2004/12/16,TW0003276002,3276,3674,Yeu Hwan Technology Corp Ltd,yeuwan,Syneurx International (Taiwan),Syneurx International (Taiwan),SYNEURX INTERNATIONAL (TAIWAN),TW:SNU,2016/1/29,8866EW,T6575,TW0006575004
Princo Corp,2004/12/27,2004/12/27,TW0008053000,8053,3695,Princo Corp,princo,Princeton Technology,Princeton Technology,PRINCETON TECH.,TW:PTC,2001/12/25,149009,T6129,TW0006129000
Acme Electronics Corp,2005/1/15,2005/1/15,TW0008121005,8121,3674,Acme Electronics Corp,acmes,Abocom Systems,Abocom Systems,ABOCOM SYSTEMS,TW:ABO,2000/12/8,297067,T2444,TW0002444007
Jingo Digital Inc,2005/2/22,2005/2/22,TW0009946004,9946,3652,Jingo Digital Inc,gdigital,Gamania Digital Entertainment,Gamania Digital Entertainment,GAMANIA DIG.ENTM.,TW:GAM,2002/5/21,25532J,T6180,TW0006180003
Power Mate Technology Co Ltd,2005/2/22,2005/2/22,TW0008109000,8109,3674,Power Mate Technology Co Ltd,powermae,Powertip Image,Powertip Image,POWERTIP IMAGE,TW:POM,2015/1/27,9290WY,T6498,TW0006498009
Info-Tek Corp,2005/3/1,2005/3/1,TW0008183005,8183,3674,Info-Tek Corp,info-tek,Information-Tek,Information-Tek,INFO-TEK,TW:IFT,2005/3/30,30394C,T8183,TW0008183005
Hunt Electronic Co Ltd,2005/5/9,2005/5/9,TW0003297008,3297,7382,Hunt Electronic Co Ltd,hunt,Chunghwa Telecom,Chunghwa Telecom,CHUNGHWA TELECOM,TW:CHG,2000/10/30,269528,T2412,TW0002412004
Aimtron Technology Corp,2005/6/9,2005/6/9,TW0003298006,3298,3679,Aimtron Technology Corp,aimtron,Amiccom Electronics,Amiccom Electronics,AMICCOM ELECTRONICS,TW:AXX,2012/6/27,87274P,T5272,TW0005272009
Ability Optoelectronics Tech,2005/8/9,2005/8/9,TW0003362000,3362,3674,Ability Optoelectronics Tech,abilityoptoele,Ability Opto-Electronics Technology,Ability Opto-Electronics Technology,ABILITY OPTO-ELTN.TECH.,TW:AOT,2005/9/6,30865X,T3362,TW0003362000
Syn-Tech Chem & Pharm Co Ltd,2005/9/19,2005/9/19,TW0001777001,1777,2836,Syn-Tech Chem & Pharm Co Ltd,syn-techc,SYN-Technology Chemical and Pharmaceutical,SYN-Technology Chemical and Pharmaceutical,SYN-TECH CHM.& PHARM.,TW:CAP,2005/10/19,30923N,T1777,TW0001777001
GMI Technology Inc,2005/10/11,2005/10/11,TW0003312005,3312,3577,GMI Technology Inc,gmi,Gomaji,Gomaji,GOMAJI,TW:GMJ,2015/1/14,9273ND,T8472,TW0008472002
Kenmos Technology Co Ltd,2005/11/9,2005/11/9,TW0008107004,8107,3679,Kenmos Technology Co Ltd,enmos,Excelliance MOS,Excelliance MOS,EXCELLIANCE MOS,TW:EXX,2012/12/7,87906H,T5299,TW0005299002
Sunflex Tech Co Ltd,2006/2/8,2006/2/8,TW0003390001,3390,3674,Sunflex Tech Co Ltd,sflextech,Posiflex Technologies,Posiflex Technologies,POSIFLEX TECHNOLOGIES,TW:FLX,2005/7/20,29000M,T8114,TW0008114000
QST International Corp,2006/2/20,2006/2/20,TW0008349002,8349,3965,QST International Corp,qst,Nyquest Technology,Nyquest Technology,NYQUEST TECHNOLOGY,TW:NQT,2014/12/24,9239V5,T6494,TW0006494008
Actron Technology Corp,2006/4/10,2006/4/10,TW0008255001,8255,3674,Actron Technology Corp,actron,ABC Taiwan Electronics,ABC Taiwan Electronics,ABC TAIWAN ELECTRONICS,TW:ATB,2004/12/2,29740V,T3236,TW0003236006
Sunnic Tech & Merch Inc,2006/5/22,2006/5/22,TW0003360004,3360,3674,Sunnic Tech & Merch Inc,unitechmer,Unitech Computer,Unitech Computer,UNITECH COMPUTER,TW:UEC,1998/2/26,675136,T2414,TW0002414000
Tang Eng Iron Works Co Ltd,2006/6/23,2006/6/23,TW0002035003,2035,3312,Tang Eng Iron Works Co Ltd,tangengiron,Tang English Iron Works,Tang English Iron Works,TANG ENG IRON WORKS,TW:TIW,2006/7/7,36188K,T2035,TW0002035003
Intl Games System Co Ltd,2006/6/28,2006/6/28,TW0003293007,3293,3999,Intl Games System Co Ltd,itaesyste,Solid State System,Solid State System,SOLID STATE SYSTEM,TW:SOL,2007/12/24,30726P,T3259,TW0003259008
Contrel Technology Co Ltd,2006/9/8,2006/9/8,TW0008064007,8064,3674,Contrel Technology Co Ltd,contrel,Richmond International Travel and Tours,Richmond International Travel and Tours,RICHMOND INTL.TRVL.& TOURS,TW:RTT,2015/3/25,9382M9,T2743,TW0002743002
Jiin Ming Industry Co Ltd,2006/9/8,2006/9/8,TW0003230009,3230,3674,Jiin Ming Industry Co Ltd,inngindustr,Sinkang Industries,Sinkang Industries,SINKANG INDS.,TW:SII,1996/5/3,887822,T2032,TW0002032000
Bionet Corp,2007/7/17,2007/7/17,TW0001784007,1784,2836,Bionet Corp,bionet,Abico Netcom,Abico Netcom,ABICO NETCOM,TW:FSH,2003/12/29,28261N,T8071,TW0008071002
Usun Technology Co Ltd,2007/9/7,2007/9/7,TW0003498002,3498,3559,Usun Technology Co Ltd,usun,Union Insurance,Union Insurance,UNION INSURANCE,TW:UIN,1992/5/5,316090,T2816,TW0002816006
Prescope Technologies Co Ltd,2007/9/26,2007/9/26,TW0003073003,3073,3674,Prescope Technologies Co Ltd,peotechnol,APEX Biotechnology,APEX Biotechnology,APEX BIOTECHNOLOGY,TW:ABC,2000/6/13,280930,T1733,TW0001733004
Tiahan Precision Tech Co Ltd,2007/10/22,2007/10/22,TW0001336006,1336,3082,Tiahan Precision Tech Co Ltd,tahanprecision,Taihan Precision Technology,Taihan Precision Technology,TAIHAN PRECISION TECH.,TW:THP,2007/11/2,35923X,T1336,TW0001336006
Sinmag Bakery Machine Corp,2007/11/27,2007/11/27,TW0001580009,1580,3556,Sinmag Bakery Machine Corp,sinaarmac,Sinphar Pharmaceutical,Sinphar Pharmaceutical,SINPHAR PHARMACEUTICAL,TW:SIP,2000/10/17,267647,T1734,TW0001734002
Powerchip Semiconductor Corp,2007/12/31,2007/5/7,TW0005346001,5346,3674,Powerchip Semiconductor Corp,wechipsemico,Wisechip Semiconductor,Wisechip Semiconductor,WISECHIP SEMICONDUCTOR,TW:WSX,2011/8/29,77579W,T5245,TW0005245005
Cincon Electronics Co Ltd,2008/1/11,2008/1/11,TW0003332003,3332,3699,Cincon Electronics Co Ltd,cincons,Chainqui Construction Development,Chainqui Construction Development,CHAINQUI CON.DEV.,TW:PAO,1989/7/3,500026,T2509,TW0002509007
Acula Technology Corporation,2008/1/15,2008/1/15,TW0003434007,3434,3577,Acula Technology Corporation,acaoation,XAC Automation,XAC Automation,XAC AUTOMATION,TW:XAC,2001/5/14,263158,T5490,TW0005490007
Shian Yih Electronic Ind Co,2008/3/25,2008/3/25,TW0003531000,3531,3674,Shian Yih Electronic Ind Co,shianyihco,Shian Yih Electronic Industry,Shian Yih Electronic Industry,SHIAN YIH ELT.INDUSTRY,TW:SYE,2008/4/8,41471F,T3531,TW0003531000
eGalax-eMPIA Technology Inc,2008/4/1,2008/4/1,TW0003556007,3556,3679,eGalax-eMPIA Technology Inc,egalaxempia,Egalax Empia Technology,Egalax Empia Technology,EGALAX EMPIA TECHNOLOGY,TW:EGA,2008/4/15,50832L,T3556,TW0003556007
Shih Her Technologies Co Ltd,2008/4/1,2008/4/1,TW0003551008,3551,3674,Shih Her Technologies Co Ltd,shihhertechnol,Shih-Her Technologies,Shih-Her Technologies,SHIH-HER TECHNOLOGIES,TW:SHR,2008/4/15,41747D,T3551,TW0003551008
Mag Layers Scientific-Technics,2008/4/18,2008/4/18,TW0003068003,3068,3679,Mag Layers Scientific-Technics,maglayerss,Magazine Layers Scientific-Technics,Magazine Layers Scientific-Technics,MAG.LAYERS SCIEN.-TCS.,TW:MCS,2008/5/2,30403H,T3068,TW0003068003
Actherm Inc,2008/11/3,2008/7/10,TW0001799005,1799,3829,Actherm Inc,atherm,Amulaire Thermal Technology,Amulaire Thermal Technology,AMULAIRE THERMAL TECHNOLOGY,TW:ATL,2016/3/10,89549E,T2241,TW0002241007
Swancor Ind Co Ltd,2009/1/9,2008/6/24,TW0004733001,4733,2821,Swancor Ind Co Ltd,swancorin,Swancor Holding,Swancor Holding,SWANCOR HOLDING,TW:SWC,2009/1/15,51616E,T3708,TW0003708004
Aces Electronics Co Ltd,2009/3/19,2009/3/13,TW0003605002,3605,3678,Aces Electronics Co Ltd,acess,Ta Chen Stainless Pipe,Ta Chen Stainless Pipe,TA CHEN STAINLESS PIPE,TW:TCS,1996/10/24,887353,T2027,TW0002027000
T.H.I. Group Ltd,2009/3/24,2008/4/24,TW0002636008,2636,4491,T.H.I. Group Ltd,thigroup,Thai Ho Group,Thai Ho Group,THAI HO GROUP,TW:THK,2016/1/27,8858KZ,T4136,KYG596381098
Joinsoon Electronics Mfg Co,2009/5/13,2008/1/7,TW0003322004,3322,3577,Joinsoon Electronics Mfg Co,joinsoonco,Joinsoon Electronics Manufacturing,Joinsoon Electronics Manufacturing,JOINSOON ELTN.MNFG.,TW:JOI,2009/5/20,30726H,T3322,TW0003322004
Polylite Taiwan Co Ltd,2009/7/28,2008/3/11,TW0001813004,1813,3851,Polylite Taiwan Co Ltd,plytetain,9SPLAY Entertainment Technology,9SPLAY Entertainment Technology,9SPLAY ENTERTAINMENT TECHNOLOGY,TW:SPY,2016/1/19,8844CA,T8491,TW0008491002
Unitech Electronics Co Ltd,2009/8/20,2008/11/28,TW0003652004,3652,3577,Unitech Electronics Co Ltd,unitech,Chuang Yi Biotechnology,Chuang Yi Biotechnology,CHUANG YI BIOTECH,TW:CIB,2016/1/20,8848EK,T6566,TW0006566003
Ruby Tech Corp,2009/9/1,2008/10/20,TW0008048000,8048,3679,Ruby Tech Corp,uytech,Chuang Yi Biotechnology,Chuang Yi Biotechnology,CHUANG YI BIOTECH,TW:CIB,2016/1/20,8848EK,T6566,TW0006566003
C-Tech United Corp,2009/10/21,2009/5/19,TW0003625000,3625,3691,C-Tech United Corp,c-techuni,C-Technology United,C-Technology United,C-TECH UNITED,TW:CTU,2009/10/28,53641W,T3625,TW0003625000
Asix Electronics Corp Ltd,2009/11/17,2009/6/24,TW0003169009,3169,3674,Asix Electronics Corp Ltd,asixs,Asix Electronics,Asix Electronics,ASIX ELECTRONICS,TW:ASX,2009/11/24,30831K,T3169,TW0003169009
UVAT Technology Co Ltd,2010/7/2,2009/10/27,TW0003580007,3580,3559,UVAT Technology Co Ltd,uvat,Universal Cement,Universal Cement,UNIVERSAL CEMENT,TW:UCE,1988/7/19,777153,T1104,TW0001104008
Co-Tech Copper Foil Corp,2010/9/17,2010/5/21,TW0008358003,8358,3497,Co-Tech Copper Foil Corp,techcoper,Unitech Computer,Unitech Computer,UNITECH COMPUTER,TW:UEC,1998/2/26,675136,T2414,TW0002414000
Acter Co Ltd,2010/11/3,2010/5/20,TW0005536007,5536,8711,Acter Co Ltd,acter,Quanta Computer,Quanta Computer,QUANTA COMPUTER,TW:QUM,1999/1/8,695966,T2382,TW0002382009
Acter Co Ltd,2010/11/3,2010/5/20,TW0005536007,5536,8711,Acter Co Ltd,acter,Quanta Computer,Quanta Computer,QUANTA COMPUTER,TW:QUM,1999/1/8,695966,T2382,TW0002382009
Taidoc Technology Corp,2010/11/24,2010/8/25,TW0004736004,4736,3845,Taidoc Technology Corp,taidoc,Taimed Biologics,Taimed Biologics,TAIMED BIOLOGICS,TW:TBL,2010/6/28,774523,T4147,TW0004147004
Jeng Shiang Precision Ind Co,2010/12/1,2010/6/25,TW0003685004,3685,3679,Jeng Shiang Precision Ind Co,jngshingre,Jung Shing Wire,Jung Shing Wire,JUNG SHING WIRE,TW:JSW,1998/4/28,675393,T1617,TW0001617009
HEP Tech Co Ltd,2011/1/4,2010/6/29,TW0003609004,3609,3679,HEP Tech Co Ltd,eptech,Acbel Polytech,Acbel Polytech,ACBEL POLYTECH,TW:ABP,2003/9/8,27552C,T6282,TW0006282007
Maction Technologies Inc,2011/1/4,2010/9/15,TW0003632006,3632,7372,Maction Technologies Inc,aciotechnolo,Glac Biotechnology,Glac Biotechnology,GLAC BIOTECH,TW:GBH,2015/10/30,8697PJ,T6553,TW0006553001
Yin King Industrial Co Ltd,2011/1/5,2010/7/21,TW0001566008,1566,3542,Yin King Industrial Co Ltd,inking,Taiwan Kong King,Taiwan Kong King,TAIWAN KONG KING,TW:TKK,2005/6/17,31117C,T3093,TW0003093001
Viking Tech Corp,2011/3/9,2010/6/22,TW0003624003,3624,3677,Viking Tech Corp,iingtech,Tai-Ling Biotechnology,Tai-Ling Biotechnology,TAI-LING BIOTECH,TW:TAL,2016/2/26,8933Y6,T8496,TW0008496001
Taoyuan Hotel Co Ltd,2011/3/12,2010/10/6,TW0002718004,2718,7011,Taoyuan Hotel Co Ltd,uanhotel,Kuangli Photoelectric Technology,Kuangli Photoelectric Technology,KUANGLI PHOTOELECTRIC TECHNOLOGY,TW:KLP,2014/12/4,9224ZU,T6431,KYG532651075
Shuang-Bang Industrial Corp,2011/4/25,2010/11/24,TW0006506009,6506,2821,Shuang-Bang Industrial Corp,shuangbang,Shuang Bang Industrial,Shuang Bang Industrial,SHUANG BANG INDUSTRIAL,TW:SBN,2011/5/3,51661H,T6506,TW0006506009
Tainergy Tech Co Ltd,2011/8/9,2010/10/12,TW0004934005,4934,3674,Tainergy Tech Co Ltd,taingtech,Tai-Ling Biotechnology,Tai-Ling Biotechnology,TAI-LING BIOTECH,TW:TAL,2016/2/26,8933Y6,T8496,TW0008496001
Asia Electronic Material Co,2011/9/9,2011/4/1,TW0004939004,4939,3083,Asia Electronic Material Co,aamaterial,Advance Materials,Advance Materials,ADVANCE MATERIALS,TW:AVM,2007/10/25,51476C,T3585,TW0003585006
Apex International Co Ltd,2011/10/11,2011/7/27,KYG0407M1033,4927,3672,Apex International Co Ltd,apex,Taiwan Pelican Express,Taiwan Pelican Express,TAIWAN PELICAN EXPRESS,TW:PXP,2012/12/26,87965U,T2642,TW0002642006
Asia Tech Image Inc,2011/11/22,2011/4/26,TW0004974001,4974,3674,Asia Tech Image Inc,asiaimage,Asia Technology Image,Asia Technology Image,ASIA TECH IMAGE,TW:AAG,2010/11/19,77450V,T4974,TW0004974001
Kee Song Bio-Tech Hldg Ltd,2011/12/5,2011/7/20,KYG522401010,1258,2051,Kee Song Bio-Tech Hldg Ltd,keesongbiotech,Kee Song Biotechnology Holdings,Kee Song Biotechnology Holdings,KEE SONG BIOTECH.HDG.,TW:KSO,2011/8/29,77568H,T1258,KYG522401010
X-Legend Entertainment Co Ltd,2011/12/6,2011/7/27,TW0004994009,4994,8748,X-Legend Entertainment Co Ltd,xlegendenterta,X Legend Entertainment,X Legend Entertainment,X LEGEND ENTERTAINMENT,TW:XLE,2010/12/24,77452U,T4994,TW0004994009
Formosa Electronic Industries,2011/12/12,2011/10/28,TW0008171000,8171,3577,Formosa Electronic Industries,roaindustri,Aurona Industries,Aurona Industries,AURONA INDUSTRIES,TW:ARN,2004/1/27,28395X,T8074,TW0008074006
YCC Parts MFG Co Ltd,2012/4/17,2011/3/28,TW0001339000,1339,3714,YCC Parts MFG Co Ltd,ccparts,CUB Elecparts,CUB Elecparts,CUB ELECPARTS,TW:CUB,2009/3/25,51476F,T2231,TW0002231008
FX Hotels Group Inc,2012/5/25,2011/12/26,KYG3704Y1017,2724,7011,FX Hotels Group Inc,fxhotelgroup,FX Hotel Group,FX Hotel Group,FX HOTEL GROUP,TW:FXH,2010/1/14,68798C,T2724,KYG3704Y